{
  "https://www.icmr.gov.in/index.html-40" : {
    "transaction" : "https://www.icmr.gov.in/index.html-40",
    "sampleCount" : 1,
    "errorCount" : 0,
    "errorPct" : 0.0,
    "meanResTime" : 543.0,
    "medianResTime" : 543.0,
    "minResTime" : 543.0,
    "maxResTime" : 543.0,
    "pct1ResTime" : 543.0,
    "pct2ResTime" : 543.0,
    "pct3ResTime" : 543.0,
    "throughput" : 1.8416206261510129,
    "receivedKBytesPerSec" : 360.65730029926334,
    "sentKBytesPerSec" : 1.151012891344383
  },
  "https://www.icmr.gov.in/index.html-41" : {
    "transaction" : "https://www.icmr.gov.in/index.html-41",
    "sampleCount" : 1,
    "errorCount" : 0,
    "errorPct" : 0.0,
    "meanResTime" : 1538.0,
    "medianResTime" : 1538.0,
    "minResTime" : 1538.0,
    "maxResTime" : 1538.0,
    "pct1ResTime" : 1538.0,
    "pct2ResTime" : 1538.0,
    "pct3ResTime" : 1538.0,
    "throughput" : 0.6501950585175553,
    "receivedKBytesPerSec" : 155.77378291612484,
    "sentKBytesPerSec" : 0.40129226267880364
  },
  "https://www.icmr.gov.in/index.html-42" : {
    "transaction" : "https://www.icmr.gov.in/index.html-42",
    "sampleCount" : 1,
    "errorCount" : 0,
    "errorPct" : 0.0,
    "meanResTime" : 1316.0,
    "medianResTime" : 1316.0,
    "minResTime" : 1316.0,
    "maxResTime" : 1316.0,
    "pct1ResTime" : 1316.0,
    "pct2ResTime" : 1316.0,
    "pct3ResTime" : 1316.0,
    "throughput" : 0.7598784194528876,
    "receivedKBytesPerSec" : 204.77610301101822,
    "sentKBytesPerSec" : 0.4645350493920972
  },
  "https://www.icmr.gov.in/index.html-43" : {
    "transaction" : "https://www.icmr.gov.in/index.html-43",
    "sampleCount" : 1,
    "errorCount" : 0,
    "errorPct" : 0.0,
    "meanResTime" : 2351.0,
    "medianResTime" : 2351.0,
    "minResTime" : 2351.0,
    "maxResTime" : 2351.0,
    "pct1ResTime" : 2351.0,
    "pct2ResTime" : 2351.0,
    "pct3ResTime" : 2351.0,
    "throughput" : 0.4253509145044662,
    "receivedKBytesPerSec" : 51.65189015312633,
    "sentKBytesPerSec" : 0.25919821352615907
  },
  "https://www.icmr.gov.in/index.html-44" : {
    "transaction" : "https://www.icmr.gov.in/index.html-44",
    "sampleCount" : 1,
    "errorCount" : 0,
    "errorPct" : 0.0,
    "meanResTime" : 439.0,
    "medianResTime" : 439.0,
    "minResTime" : 439.0,
    "maxResTime" : 439.0,
    "pct1ResTime" : 439.0,
    "pct2ResTime" : 439.0,
    "pct3ResTime" : 439.0,
    "throughput" : 2.277904328018223,
    "receivedKBytesPerSec" : 243.34647280751707,
    "sentKBytesPerSec" : 1.3858734339407746
  },
  "https://www.icmr.gov.in/index.html-45" : {
    "transaction" : "https://www.icmr.gov.in/index.html-45",
    "sampleCount" : 1,
    "errorCount" : 0,
    "errorPct" : 0.0,
    "meanResTime" : 2203.0,
    "medianResTime" : 2203.0,
    "minResTime" : 2203.0,
    "maxResTime" : 2203.0,
    "pct1ResTime" : 2203.0,
    "pct2ResTime" : 2203.0,
    "pct3ResTime" : 2203.0,
    "throughput" : 0.45392646391284613,
    "receivedKBytesPerSec" : 156.16710522582844,
    "sentKBytesPerSec" : 0.2766114389468906
  },
  "https://www.icmr.gov.in/index.html-46" : {
    "transaction" : "https://www.icmr.gov.in/index.html-46",
    "sampleCount" : 1,
    "errorCount" : 0,
    "errorPct" : 0.0,
    "meanResTime" : 1015.0,
    "medianResTime" : 1015.0,
    "minResTime" : 1015.0,
    "maxResTime" : 1015.0,
    "pct1ResTime" : 1015.0,
    "pct2ResTime" : 1015.0,
    "pct3ResTime" : 1015.0,
    "throughput" : 0.9852216748768472,
    "receivedKBytesPerSec" : 83.1935036945813,
    "sentKBytesPerSec" : 0.6061422413793104
  },
  "https://www.icmr.gov.in/index.html-47" : {
    "transaction" : "https://www.icmr.gov.in/index.html-47",
    "sampleCount" : 1,
    "errorCount" : 0,
    "errorPct" : 0.0,
    "meanResTime" : 326.0,
    "medianResTime" : 326.0,
    "minResTime" : 326.0,
    "maxResTime" : 326.0,
    "pct1ResTime" : 326.0,
    "pct2ResTime" : 326.0,
    "pct3ResTime" : 326.0,
    "throughput" : 3.067484662576687,
    "receivedKBytesPerSec" : 63.29383148006135,
    "sentKBytesPerSec" : 1.8782352377300613
  },
  "https://www.icmr.gov.in/index.html-48" : {
    "transaction" : "https://www.icmr.gov.in/index.html-48",
    "sampleCount" : 1,
    "errorCount" : 0,
    "errorPct" : 0.0,
    "meanResTime" : 422.0,
    "medianResTime" : 422.0,
    "minResTime" : 422.0,
    "maxResTime" : 422.0,
    "pct1ResTime" : 422.0,
    "pct2ResTime" : 422.0,
    "pct3ResTime" : 422.0,
    "throughput" : 2.3696682464454977,
    "receivedKBytesPerSec" : 120.1056168542654,
    "sentKBytesPerSec" : 1.4579013625592419
  },
  "https://www.icmr.gov.in/index.html-49" : {
    "transaction" : "https://www.icmr.gov.in/index.html-49",
    "sampleCount" : 1,
    "errorCount" : 0,
    "errorPct" : 0.0,
    "meanResTime" : 638.0,
    "medianResTime" : 638.0,
    "minResTime" : 638.0,
    "maxResTime" : 638.0,
    "pct1ResTime" : 638.0,
    "pct2ResTime" : 638.0,
    "pct3ResTime" : 638.0,
    "throughput" : 1.567398119122257,
    "receivedKBytesPerSec" : 187.68521012931035,
    "sentKBytesPerSec" : 0.9520719043887147
  },
  "https://www.icmr.gov.in/aboutus.html-4" : {
    "transaction" : "https://www.icmr.gov.in/aboutus.html-4",
    "sampleCount" : 1,
    "errorCount" : 0,
    "errorPct" : 0.0,
    "meanResTime" : 233.0,
    "medianResTime" : 233.0,
    "minResTime" : 233.0,
    "maxResTime" : 233.0,
    "pct1ResTime" : 233.0,
    "pct2ResTime" : 233.0,
    "pct3ResTime" : 233.0,
    "throughput" : 4.291845493562231,
    "receivedKBytesPerSec" : 1.2406115879828326,
    "sentKBytesPerSec" : 2.820714860515021
  },
  "https://www.icmr.gov.in/aboutus.html-5" : {
    "transaction" : "https://www.icmr.gov.in/aboutus.html-5",
    "sampleCount" : 1,
    "errorCount" : 0,
    "errorPct" : 0.0,
    "meanResTime" : 227.0,
    "medianResTime" : 227.0,
    "minResTime" : 227.0,
    "maxResTime" : 227.0,
    "pct1ResTime" : 227.0,
    "pct2ResTime" : 227.0,
    "pct3ResTime" : 227.0,
    "throughput" : 4.405286343612335,
    "receivedKBytesPerSec" : 1.2734030837004404,
    "sentKBytesPerSec" : 2.912479350220264
  },
  "https://www.icmr.gov.in/aboutus.html-2" : {
    "transaction" : "https://www.icmr.gov.in/aboutus.html-2",
    "sampleCount" : 1,
    "errorCount" : 0,
    "errorPct" : 0.0,
    "meanResTime" : 224.0,
    "medianResTime" : 224.0,
    "minResTime" : 224.0,
    "maxResTime" : 224.0,
    "pct1ResTime" : 224.0,
    "pct2ResTime" : 224.0,
    "pct3ResTime" : 224.0,
    "throughput" : 4.464285714285714,
    "receivedKBytesPerSec" : 1.4299665178571428,
    "sentKBytesPerSec" : 2.8773716517857144
  },
  "https://www.icmr.gov.in/aboutus.html-3" : {
    "transaction" : "https://www.icmr.gov.in/aboutus.html-3",
    "sampleCount" : 1,
    "errorCount" : 0,
    "errorPct" : 0.0,
    "meanResTime" : 228.0,
    "medianResTime" : 228.0,
    "minResTime" : 228.0,
    "maxResTime" : 228.0,
    "pct1ResTime" : 228.0,
    "pct2ResTime" : 228.0,
    "pct3ResTime" : 228.0,
    "throughput" : 4.385964912280701,
    "receivedKBytesPerSec" : 1.2721011513157894,
    "sentKBytesPerSec" : 2.895422149122807
  },
  "https://www.icmr.gov.in/aboutus.html-0" : {
    "transaction" : "https://www.icmr.gov.in/aboutus.html-0",
    "sampleCount" : 1,
    "errorCount" : 0,
    "errorPct" : 0.0,
    "meanResTime" : 254.0,
    "medianResTime" : 254.0,
    "minResTime" : 254.0,
    "maxResTime" : 254.0,
    "pct1ResTime" : 254.0,
    "pct2ResTime" : 254.0,
    "pct3ResTime" : 254.0,
    "throughput" : 3.937007874015748,
    "receivedKBytesPerSec" : 53.18420890748031,
    "sentKBytesPerSec" : 2.356822096456693
  },
  "https://www.icmr.gov.in/aboutus.html-1" : {
    "transaction" : "https://www.icmr.gov.in/aboutus.html-1",
    "sampleCount" : 1,
    "errorCount" : 0,
    "errorPct" : 0.0,
    "meanResTime" : 223.0,
    "medianResTime" : 223.0,
    "minResTime" : 223.0,
    "maxResTime" : 223.0,
    "pct1ResTime" : 223.0,
    "pct2ResTime" : 223.0,
    "pct3ResTime" : 223.0,
    "throughput" : 4.484304932735426,
    "receivedKBytesPerSec" : 1.3093820067264574,
    "sentKBytesPerSec" : 2.9559627242152464
  },
  "Test" : {
    "transaction" : "Test",
    "sampleCount" : 1,
    "errorCount" : 0,
    "errorPct" : 0.0,
    "meanResTime" : 17681.0,
    "medianResTime" : 17681.0,
    "minResTime" : 17681.0,
    "maxResTime" : 17681.0,
    "pct1ResTime" : 17681.0,
    "pct2ResTime" : 17681.0,
    "pct3ResTime" : 17681.0,
    "throughput" : 0.05655788699734178,
    "receivedKBytesPerSec" : 501.1351344663763,
    "sentKBytesPerSec" : 3.4088830347548216
  },
  "https://www.icmr.gov.in/tender.html-13" : {
    "transaction" : "https://www.icmr.gov.in/tender.html-13",
    "sampleCount" : 1,
    "errorCount" : 0,
    "errorPct" : 0.0,
    "meanResTime" : 70.0,
    "medianResTime" : 70.0,
    "minResTime" : 70.0,
    "maxResTime" : 70.0,
    "pct1ResTime" : 70.0,
    "pct2ResTime" : 70.0,
    "pct3ResTime" : 70.0,
    "throughput" : 14.285714285714285,
    "receivedKBytesPerSec" : 4.771205357142857,
    "sentKBytesPerSec" : 9.249441964285714
  },
  "https://www.icmr.gov.in/aboutus.html-8" : {
    "transaction" : "https://www.icmr.gov.in/aboutus.html-8",
    "sampleCount" : 1,
    "errorCount" : 0,
    "errorPct" : 0.0,
    "meanResTime" : 75.0,
    "medianResTime" : 75.0,
    "minResTime" : 75.0,
    "maxResTime" : 75.0,
    "pct1ResTime" : 75.0,
    "pct2ResTime" : 75.0,
    "pct3ResTime" : 75.0,
    "throughput" : 13.333333333333334,
    "receivedKBytesPerSec" : 4.453125,
    "sentKBytesPerSec" : 8.854166666666668
  },
  "https://www.icmr.gov.in/tender.html-12" : {
    "transaction" : "https://www.icmr.gov.in/tender.html-12",
    "sampleCount" : 1,
    "errorCount" : 0,
    "errorPct" : 0.0,
    "meanResTime" : 70.0,
    "medianResTime" : 70.0,
    "minResTime" : 70.0,
    "maxResTime" : 70.0,
    "pct1ResTime" : 70.0,
    "pct2ResTime" : 70.0,
    "pct3ResTime" : 70.0,
    "throughput" : 14.285714285714285,
    "receivedKBytesPerSec" : 4.771205357142857,
    "sentKBytesPerSec" : 9.374999999999998
  },
  "https://www.icmr.gov.in/aboutus.html-9" : {
    "transaction" : "https://www.icmr.gov.in/aboutus.html-9",
    "sampleCount" : 1,
    "errorCount" : 0,
    "errorPct" : 0.0,
    "meanResTime" : 73.0,
    "medianResTime" : 73.0,
    "minResTime" : 73.0,
    "maxResTime" : 73.0,
    "pct1ResTime" : 73.0,
    "pct2ResTime" : 73.0,
    "pct3ResTime" : 73.0,
    "throughput" : 13.698630136986301,
    "receivedKBytesPerSec" : 4.575128424657534,
    "sentKBytesPerSec" : 8.98972602739726
  },
  "https://www.icmr.gov.in/tender.html-11" : {
    "transaction" : "https://www.icmr.gov.in/tender.html-11",
    "sampleCount" : 1,
    "errorCount" : 0,
    "errorPct" : 0.0,
    "meanResTime" : 72.0,
    "medianResTime" : 72.0,
    "minResTime" : 72.0,
    "maxResTime" : 72.0,
    "pct1ResTime" : 72.0,
    "pct2ResTime" : 72.0,
    "pct3ResTime" : 72.0,
    "throughput" : 13.888888888888888,
    "receivedKBytesPerSec" : 4.638671875,
    "sentKBytesPerSec" : 9.223090277777779
  },
  "https://www.icmr.gov.in/aboutus.html-6" : {
    "transaction" : "https://www.icmr.gov.in/aboutus.html-6",
    "sampleCount" : 1,
    "errorCount" : 0,
    "errorPct" : 0.0,
    "meanResTime" : 71.0,
    "medianResTime" : 71.0,
    "minResTime" : 71.0,
    "maxResTime" : 71.0,
    "pct1ResTime" : 71.0,
    "pct2ResTime" : 71.0,
    "pct3ResTime" : 71.0,
    "throughput" : 14.084507042253522,
    "receivedKBytesPerSec" : 4.704005281690141,
    "sentKBytesPerSec" : 9.35299295774648
  },
  "https://www.icmr.gov.in/tender.html-10" : {
    "transaction" : "https://www.icmr.gov.in/tender.html-10",
    "sampleCount" : 1,
    "errorCount" : 0,
    "errorPct" : 0.0,
    "meanResTime" : 97.0,
    "medianResTime" : 97.0,
    "minResTime" : 97.0,
    "maxResTime" : 97.0,
    "pct1ResTime" : 97.0,
    "pct2ResTime" : 97.0,
    "pct3ResTime" : 97.0,
    "throughput" : 10.309278350515465,
    "receivedKBytesPerSec" : 3.443137886597938,
    "sentKBytesPerSec" : 6.81580219072165
  },
  "https://www.icmr.gov.in/aboutus.html-7" : {
    "transaction" : "https://www.icmr.gov.in/aboutus.html-7",
    "sampleCount" : 1,
    "errorCount" : 0,
    "errorPct" : 0.0,
    "meanResTime" : 72.0,
    "medianResTime" : 72.0,
    "minResTime" : 72.0,
    "maxResTime" : 72.0,
    "pct1ResTime" : 72.0,
    "pct2ResTime" : 72.0,
    "pct3ResTime" : 72.0,
    "throughput" : 13.888888888888888,
    "receivedKBytesPerSec" : 4.638671875,
    "sentKBytesPerSec" : 9.182400173611112
  },
  "https://www.icmr.gov.in/index.html-50" : {
    "transaction" : "https://www.icmr.gov.in/index.html-50",
    "sampleCount" : 1,
    "errorCount" : 0,
    "errorPct" : 0.0,
    "meanResTime" : 535.0,
    "medianResTime" : 535.0,
    "minResTime" : 535.0,
    "maxResTime" : 535.0,
    "pct1ResTime" : 535.0,
    "pct2ResTime" : 535.0,
    "pct3ResTime" : 535.0,
    "throughput" : 1.8691588785046729,
    "receivedKBytesPerSec" : 10.294976635514018,
    "sentKBytesPerSec" : 1.118939836448598
  },
  "https://www.icmr.gov.in/tender.html-0" : {
    "transaction" : "https://www.icmr.gov.in/tender.html-0",
    "sampleCount" : 1,
    "errorCount" : 0,
    "errorPct" : 0.0,
    "meanResTime" : 169.0,
    "medianResTime" : 169.0,
    "minResTime" : 169.0,
    "maxResTime" : 169.0,
    "pct1ResTime" : 169.0,
    "pct2ResTime" : 169.0,
    "pct3ResTime" : 169.0,
    "throughput" : 5.9171597633136095,
    "receivedKBytesPerSec" : 87.14520155325444,
    "sentKBytesPerSec" : 3.536427514792899
  },
  "https://www.icmr.gov.in/index.html-10" : {
    "transaction" : "https://www.icmr.gov.in/index.html-10",
    "sampleCount" : 1,
    "errorCount" : 0,
    "errorPct" : 0.0,
    "meanResTime" : 578.0,
    "medianResTime" : 578.0,
    "minResTime" : 578.0,
    "maxResTime" : 578.0,
    "pct1ResTime" : 578.0,
    "pct2ResTime" : 578.0,
    "pct3ResTime" : 578.0,
    "throughput" : 1.7301038062283738,
    "receivedKBytesPerSec" : 102.52385650951558,
    "sentKBytesPerSec" : 1.0627297794117647
  },
  "https://www.icmr.gov.in/index.html-11" : {
    "transaction" : "https://www.icmr.gov.in/index.html-11",
    "sampleCount" : 1,
    "errorCount" : 0,
    "errorPct" : 0.0,
    "meanResTime" : 2690.0,
    "medianResTime" : 2690.0,
    "minResTime" : 2690.0,
    "maxResTime" : 2690.0,
    "pct1ResTime" : 2690.0,
    "pct2ResTime" : 2690.0,
    "pct3ResTime" : 2690.0,
    "throughput" : 0.37174721189591076,
    "receivedKBytesPerSec" : 94.15042692843866,
    "sentKBytesPerSec" : 0.22725952602230484
  },
  "https://www.icmr.gov.in/index.html-12" : {
    "transaction" : "https://www.icmr.gov.in/index.html-12",
    "sampleCount" : 1,
    "errorCount" : 0,
    "errorPct" : 0.0,
    "meanResTime" : 4127.0,
    "medianResTime" : 4127.0,
    "minResTime" : 4127.0,
    "maxResTime" : 4127.0,
    "pct1ResTime" : 4127.0,
    "pct2ResTime" : 4127.0,
    "pct3ResTime" : 4127.0,
    "throughput" : 0.242306760358614,
    "receivedKBytesPerSec" : 130.6158851011631,
    "sentKBytesPerSec" : 0.14836556518051855
  },
  "https://www.icmr.gov.in/index.html-13" : {
    "transaction" : "https://www.icmr.gov.in/index.html-13",
    "sampleCount" : 1,
    "errorCount" : 0,
    "errorPct" : 0.0,
    "meanResTime" : 4138.0,
    "medianResTime" : 4138.0,
    "minResTime" : 4138.0,
    "maxResTime" : 4138.0,
    "pct1ResTime" : 4138.0,
    "pct2ResTime" : 4138.0,
    "pct3ResTime" : 4138.0,
    "throughput" : 0.2416626389560174,
    "receivedKBytesPerSec" : 21.746805521991302,
    "sentKBytesPerSec" : 0.1474991692846786
  },
  "https://www.icmr.gov.in/index.html-14" : {
    "transaction" : "https://www.icmr.gov.in/index.html-14",
    "sampleCount" : 1,
    "errorCount" : 0,
    "errorPct" : 0.0,
    "meanResTime" : 1836.0,
    "medianResTime" : 1836.0,
    "minResTime" : 1836.0,
    "maxResTime" : 1836.0,
    "pct1ResTime" : 1836.0,
    "pct2ResTime" : 1836.0,
    "pct3ResTime" : 1836.0,
    "throughput" : 0.5446623093681918,
    "receivedKBytesPerSec" : 76.1713431032135,
    "sentKBytesPerSec" : 0.33296738834422657
  },
  "https://www.icmr.gov.in/tender.html-5" : {
    "transaction" : "https://www.icmr.gov.in/tender.html-5",
    "sampleCount" : 1,
    "errorCount" : 0,
    "errorPct" : 0.0,
    "meanResTime" : 107.0,
    "medianResTime" : 107.0,
    "minResTime" : 107.0,
    "maxResTime" : 107.0,
    "pct1ResTime" : 107.0,
    "pct2ResTime" : 107.0,
    "pct3ResTime" : 107.0,
    "throughput" : 9.345794392523365,
    "receivedKBytesPerSec" : 779.9540011682243,
    "sentKBytesPerSec" : 5.73160046728972
  },
  "https://www.icmr.gov.in/index.html-15" : {
    "transaction" : "https://www.icmr.gov.in/index.html-15",
    "sampleCount" : 1,
    "errorCount" : 0,
    "errorPct" : 0.0,
    "meanResTime" : 3540.0,
    "medianResTime" : 3540.0,
    "minResTime" : 3540.0,
    "maxResTime" : 3540.0,
    "pct1ResTime" : 3540.0,
    "pct2ResTime" : 3540.0,
    "pct3ResTime" : 3540.0,
    "throughput" : 0.2824858757062147,
    "receivedKBytesPerSec" : 48.941781426553675,
    "sentKBytesPerSec" : 0.1729674258474576
  },
  "https://www.icmr.gov.in/tender.html-6" : {
    "transaction" : "https://www.icmr.gov.in/tender.html-6",
    "sampleCount" : 1,
    "errorCount" : 0,
    "errorPct" : 0.0,
    "meanResTime" : 71.0,
    "medianResTime" : 71.0,
    "minResTime" : 71.0,
    "maxResTime" : 71.0,
    "pct1ResTime" : 71.0,
    "pct2ResTime" : 71.0,
    "pct3ResTime" : 71.0,
    "throughput" : 14.084507042253522,
    "receivedKBytesPerSec" : 4.08505721830986,
    "sentKBytesPerSec" : 9.297975352112676
  },
  "https://www.icmr.gov.in/index.html-16" : {
    "transaction" : "https://www.icmr.gov.in/index.html-16",
    "sampleCount" : 1,
    "errorCount" : 0,
    "errorPct" : 0.0,
    "meanResTime" : 1614.0,
    "medianResTime" : 1614.0,
    "minResTime" : 1614.0,
    "maxResTime" : 1614.0,
    "pct1ResTime" : 1614.0,
    "pct2ResTime" : 1614.0,
    "pct3ResTime" : 1614.0,
    "throughput" : 0.6195786864931846,
    "receivedKBytesPerSec" : 135.32953841387857,
    "sentKBytesPerSec" : 0.3799759913258984
  },
  "https://www.icmr.gov.in/tender.html-7" : {
    "transaction" : "https://www.icmr.gov.in/tender.html-7",
    "sampleCount" : 1,
    "errorCount" : 0,
    "errorPct" : 0.0,
    "meanResTime" : 70.0,
    "medianResTime" : 70.0,
    "minResTime" : 70.0,
    "maxResTime" : 70.0,
    "pct1ResTime" : 70.0,
    "pct2ResTime" : 70.0,
    "pct3ResTime" : 70.0,
    "throughput" : 14.285714285714285,
    "receivedKBytesPerSec" : 4.129464285714286,
    "sentKBytesPerSec" : 9.388950892857142
  },
  "https://www.icmr.gov.in/index.html-17" : {
    "transaction" : "https://www.icmr.gov.in/index.html-17",
    "sampleCount" : 1,
    "errorCount" : 0,
    "errorPct" : 0.0,
    "meanResTime" : 1941.0,
    "medianResTime" : 1941.0,
    "minResTime" : 1941.0,
    "maxResTime" : 1941.0,
    "pct1ResTime" : 1941.0,
    "pct2ResTime" : 1941.0,
    "pct3ResTime" : 1941.0,
    "throughput" : 0.5151983513652757,
    "receivedKBytesPerSec" : 138.7382872874807,
    "sentKBytesPerSec" : 0.3119365018031942
  },
  "https://www.icmr.gov.in/tender.html-8" : {
    "transaction" : "https://www.icmr.gov.in/tender.html-8",
    "sampleCount" : 1,
    "errorCount" : 0,
    "errorPct" : 0.0,
    "meanResTime" : 71.0,
    "medianResTime" : 71.0,
    "minResTime" : 71.0,
    "maxResTime" : 71.0,
    "pct1ResTime" : 71.0,
    "pct2ResTime" : 71.0,
    "pct3ResTime" : 71.0,
    "throughput" : 14.084507042253522,
    "receivedKBytesPerSec" : 4.071302816901409,
    "sentKBytesPerSec" : 9.311729753521128
  },
  "https://www.icmr.gov.in/index.html-18" : {
    "transaction" : "https://www.icmr.gov.in/index.html-18",
    "sampleCount" : 1,
    "errorCount" : 0,
    "errorPct" : 0.0,
    "meanResTime" : 1714.0,
    "medianResTime" : 1714.0,
    "minResTime" : 1714.0,
    "maxResTime" : 1714.0,
    "pct1ResTime" : 1714.0,
    "pct2ResTime" : 1714.0,
    "pct3ResTime" : 1714.0,
    "throughput" : 0.5834305717619602,
    "receivedKBytesPerSec" : 83.48469862164528,
    "sentKBytesPerSec" : 0.3549582482497083
  },
  "https://www.icmr.gov.in/tender.html-1" : {
    "transaction" : "https://www.icmr.gov.in/tender.html-1",
    "sampleCount" : 1,
    "errorCount" : 0,
    "errorPct" : 0.0,
    "meanResTime" : 73.0,
    "medianResTime" : 73.0,
    "minResTime" : 73.0,
    "maxResTime" : 73.0,
    "pct1ResTime" : 73.0,
    "pct2ResTime" : 73.0,
    "pct3ResTime" : 73.0,
    "throughput" : 13.698630136986301,
    "receivedKBytesPerSec" : 3.999892979452055,
    "sentKBytesPerSec" : 9.029858732876713
  },
  "https://www.icmr.gov.in/index.html-19" : {
    "transaction" : "https://www.icmr.gov.in/index.html-19",
    "sampleCount" : 1,
    "errorCount" : 0,
    "errorPct" : 0.0,
    "meanResTime" : 393.0,
    "medianResTime" : 393.0,
    "minResTime" : 393.0,
    "maxResTime" : 393.0,
    "pct1ResTime" : 393.0,
    "pct2ResTime" : 393.0,
    "pct3ResTime" : 393.0,
    "throughput" : 2.544529262086514,
    "receivedKBytesPerSec" : 101.20219068066157,
    "sentKBytesPerSec" : 1.5505725190839694
  },
  "https://www.icmr.gov.in/tender.html-2" : {
    "transaction" : "https://www.icmr.gov.in/tender.html-2",
    "sampleCount" : 1,
    "errorCount" : 0,
    "errorPct" : 0.0,
    "meanResTime" : 73.0,
    "medianResTime" : 73.0,
    "minResTime" : 73.0,
    "maxResTime" : 73.0,
    "pct1ResTime" : 73.0,
    "pct2ResTime" : 73.0,
    "pct3ResTime" : 73.0,
    "throughput" : 13.698630136986301,
    "receivedKBytesPerSec" : 4.387842465753425,
    "sentKBytesPerSec" : 8.829195205479452
  },
  "https://www.icmr.gov.in/tender.html-3" : {
    "transaction" : "https://www.icmr.gov.in/tender.html-3",
    "sampleCount" : 1,
    "errorCount" : 0,
    "errorPct" : 0.0,
    "meanResTime" : 79.0,
    "medianResTime" : 79.0,
    "minResTime" : 79.0,
    "maxResTime" : 79.0,
    "pct1ResTime" : 79.0,
    "pct2ResTime" : 79.0,
    "pct3ResTime" : 79.0,
    "throughput" : 12.658227848101266,
    "receivedKBytesPerSec" : 181.3068631329114,
    "sentKBytesPerSec" : 7.787776898734177
  },
  "https://www.icmr.gov.in/tender.html-4" : {
    "transaction" : "https://www.icmr.gov.in/tender.html-4",
    "sampleCount" : 1,
    "errorCount" : 0,
    "errorPct" : 0.0,
    "meanResTime" : 261.0,
    "medianResTime" : 261.0,
    "minResTime" : 261.0,
    "maxResTime" : 261.0,
    "pct1ResTime" : 261.0,
    "pct2ResTime" : 261.0,
    "pct3ResTime" : 261.0,
    "throughput" : 3.8314176245210727,
    "receivedKBytesPerSec" : 354.57824473180074,
    "sentKBytesPerSec" : 2.3085787835249043
  },
  "https://www.icmr.gov.in/index.html" : {
    "transaction" : "https://www.icmr.gov.in/index.html",
    "sampleCount" : 1,
    "errorCount" : 0,
    "errorPct" : 0.0,
    "meanResTime" : 15604.0,
    "medianResTime" : 15604.0,
    "minResTime" : 15604.0,
    "maxResTime" : 15604.0,
    "pct1ResTime" : 15604.0,
    "pct2ResTime" : 15604.0,
    "pct3ResTime" : 15604.0,
    "throughput" : 0.0640861317610869,
    "receivedKBytesPerSec" : 541.2274722226673,
    "sentKBytesPerSec" : 2.2717407195270445
  },
  "https://www.icmr.gov.in/tender.html-9" : {
    "transaction" : "https://www.icmr.gov.in/tender.html-9",
    "sampleCount" : 1,
    "errorCount" : 0,
    "errorPct" : 0.0,
    "meanResTime" : 72.0,
    "medianResTime" : 72.0,
    "minResTime" : 72.0,
    "maxResTime" : 72.0,
    "pct1ResTime" : 72.0,
    "pct2ResTime" : 72.0,
    "pct3ResTime" : 72.0,
    "throughput" : 13.888888888888888,
    "receivedKBytesPerSec" : 15.041775173611112,
    "sentKBytesPerSec" : 8.585611979166668
  },
  "https://www.icmr.gov.in/aboutus.html-10" : {
    "transaction" : "https://www.icmr.gov.in/aboutus.html-10",
    "sampleCount" : 1,
    "errorCount" : 0,
    "errorPct" : 0.0,
    "meanResTime" : 70.0,
    "medianResTime" : 70.0,
    "minResTime" : 70.0,
    "maxResTime" : 70.0,
    "pct1ResTime" : 70.0,
    "pct2ResTime" : 70.0,
    "pct3ResTime" : 70.0,
    "throughput" : 14.285714285714285,
    "receivedKBytesPerSec" : 4.771205357142857,
    "sentKBytesPerSec" : 9.249441964285714
  },
  "https://www.icmr.gov.in/index.html-20" : {
    "transaction" : "https://www.icmr.gov.in/index.html-20",
    "sampleCount" : 1,
    "errorCount" : 0,
    "errorPct" : 0.0,
    "meanResTime" : 180.0,
    "medianResTime" : 180.0,
    "minResTime" : 180.0,
    "maxResTime" : 180.0,
    "pct1ResTime" : 180.0,
    "pct2ResTime" : 180.0,
    "pct3ResTime" : 180.0,
    "throughput" : 5.555555555555555,
    "receivedKBytesPerSec" : 233.26280381944446,
    "sentKBytesPerSec" : 3.385416666666667
  },
  "https://www.icmr.gov.in/index.html-21" : {
    "transaction" : "https://www.icmr.gov.in/index.html-21",
    "sampleCount" : 1,
    "errorCount" : 0,
    "errorPct" : 0.0,
    "meanResTime" : 779.0,
    "medianResTime" : 779.0,
    "minResTime" : 779.0,
    "maxResTime" : 779.0,
    "pct1ResTime" : 779.0,
    "pct2ResTime" : 779.0,
    "pct3ResTime" : 779.0,
    "throughput" : 1.2836970474967906,
    "receivedKBytesPerSec" : 62.26808207637997,
    "sentKBytesPerSec" : 0.7822528883183568
  },
  "https://www.icmr.gov.in/index.html-22" : {
    "transaction" : "https://www.icmr.gov.in/index.html-22",
    "sampleCount" : 1,
    "errorCount" : 0,
    "errorPct" : 0.0,
    "meanResTime" : 257.0,
    "medianResTime" : 257.0,
    "minResTime" : 257.0,
    "maxResTime" : 257.0,
    "pct1ResTime" : 257.0,
    "pct2ResTime" : 257.0,
    "pct3ResTime" : 257.0,
    "throughput" : 3.8910505836575875,
    "receivedKBytesPerSec" : 147.78772495136187,
    "sentKBytesPerSec" : 2.3711089494163424
  },
  "https://www.icmr.gov.in/index.html-23" : {
    "transaction" : "https://www.icmr.gov.in/index.html-23",
    "sampleCount" : 1,
    "errorCount" : 0,
    "errorPct" : 0.0,
    "meanResTime" : 257.0,
    "medianResTime" : 257.0,
    "minResTime" : 257.0,
    "maxResTime" : 257.0,
    "pct1ResTime" : 257.0,
    "pct2ResTime" : 257.0,
    "pct3ResTime" : 257.0,
    "throughput" : 3.8910505836575875,
    "receivedKBytesPerSec" : 92.44665004863813,
    "sentKBytesPerSec" : 2.3711089494163424
  },
  "https://www.icmr.gov.in/contactus.html-10" : {
    "transaction" : "https://www.icmr.gov.in/contactus.html-10",
    "sampleCount" : 1,
    "errorCount" : 0,
    "errorPct" : 0.0,
    "meanResTime" : 70.0,
    "medianResTime" : 70.0,
    "minResTime" : 70.0,
    "maxResTime" : 70.0,
    "pct1ResTime" : 70.0,
    "pct2ResTime" : 70.0,
    "pct3ResTime" : 70.0,
    "throughput" : 14.285714285714285,
    "receivedKBytesPerSec" : 4.771205357142857,
    "sentKBytesPerSec" : 9.374999999999998
  },
  "https://www.icmr.gov.in/index.html-24" : {
    "transaction" : "https://www.icmr.gov.in/index.html-24",
    "sampleCount" : 1,
    "errorCount" : 0,
    "errorPct" : 0.0,
    "meanResTime" : 2616.0,
    "medianResTime" : 2616.0,
    "minResTime" : 2616.0,
    "maxResTime" : 2616.0,
    "pct1ResTime" : 2616.0,
    "pct2ResTime" : 2616.0,
    "pct3ResTime" : 2616.0,
    "throughput" : 0.382262996941896,
    "receivedKBytesPerSec" : 52.8571919199159,
    "sentKBytesPerSec" : 0.23331481746941896
  },
  "https://www.icmr.gov.in/contactus.html-11" : {
    "transaction" : "https://www.icmr.gov.in/contactus.html-11",
    "sampleCount" : 1,
    "errorCount" : 0,
    "errorPct" : 0.0,
    "meanResTime" : 71.0,
    "medianResTime" : 71.0,
    "minResTime" : 71.0,
    "maxResTime" : 71.0,
    "pct1ResTime" : 71.0,
    "pct2ResTime" : 71.0,
    "pct3ResTime" : 71.0,
    "throughput" : 14.084507042253522,
    "receivedKBytesPerSec" : 4.704005281690141,
    "sentKBytesPerSec" : 9.119168133802818
  },
  "https://www.icmr.gov.in/index.html-25" : {
    "transaction" : "https://www.icmr.gov.in/index.html-25",
    "sampleCount" : 1,
    "errorCount" : 0,
    "errorPct" : 0.0,
    "meanResTime" : 1124.0,
    "medianResTime" : 1124.0,
    "minResTime" : 1124.0,
    "maxResTime" : 1124.0,
    "pct1ResTime" : 1124.0,
    "pct2ResTime" : 1124.0,
    "pct3ResTime" : 1124.0,
    "throughput" : 0.889679715302491,
    "receivedKBytesPerSec" : 188.96484374999997,
    "sentKBytesPerSec" : 0.5464927157473309
  },
  "https://www.icmr.gov.in/index.html-26" : {
    "transaction" : "https://www.icmr.gov.in/index.html-26",
    "sampleCount" : 1,
    "errorCount" : 0,
    "errorPct" : 0.0,
    "meanResTime" : 1975.0,
    "medianResTime" : 1975.0,
    "minResTime" : 1975.0,
    "maxResTime" : 1975.0,
    "pct1ResTime" : 1975.0,
    "pct2ResTime" : 1975.0,
    "pct3ResTime" : 1975.0,
    "throughput" : 0.5063291139240507,
    "receivedKBytesPerSec" : 66.9382911392405,
    "sentKBytesPerSec" : 0.31200553797468356
  },
  "https://www.icmr.gov.in/tender.html" : {
    "transaction" : "https://www.icmr.gov.in/tender.html",
    "sampleCount" : 1,
    "errorCount" : 0,
    "errorPct" : 0.0,
    "meanResTime" : 437.0,
    "medianResTime" : 437.0,
    "minResTime" : 437.0,
    "maxResTime" : 437.0,
    "pct1ResTime" : 437.0,
    "pct2ResTime" : 437.0,
    "pct3ResTime" : 437.0,
    "throughput" : 2.288329519450801,
    "receivedKBytesPerSec" : 478.14690002860414,
    "sentKBytesPerSec" : 20.498873712814646
  },
  "https://www.icmr.gov.in/index.html-27" : {
    "transaction" : "https://www.icmr.gov.in/index.html-27",
    "sampleCount" : 1,
    "errorCount" : 0,
    "errorPct" : 0.0,
    "meanResTime" : 1974.0,
    "medianResTime" : 1974.0,
    "minResTime" : 1974.0,
    "maxResTime" : 1974.0,
    "pct1ResTime" : 1974.0,
    "pct2ResTime" : 1974.0,
    "pct3ResTime" : 1974.0,
    "throughput" : 0.5065856129685917,
    "receivedKBytesPerSec" : 116.56713050911854,
    "sentKBytesPerSec" : 0.3116688829787234
  },
  "https://www.icmr.gov.in/index.html-28" : {
    "transaction" : "https://www.icmr.gov.in/index.html-28",
    "sampleCount" : 1,
    "errorCount" : 0,
    "errorPct" : 0.0,
    "meanResTime" : 1512.0,
    "medianResTime" : 1512.0,
    "minResTime" : 1512.0,
    "maxResTime" : 1512.0,
    "pct1ResTime" : 1512.0,
    "pct2ResTime" : 1512.0,
    "pct3ResTime" : 1512.0,
    "throughput" : 0.6613756613756614,
    "receivedKBytesPerSec" : 52.48635912698413,
    "sentKBytesPerSec" : 0.40237991898148145
  },
  "https://www.icmr.gov.in/index.html-29" : {
    "transaction" : "https://www.icmr.gov.in/index.html-29",
    "sampleCount" : 1,
    "errorCount" : 0,
    "errorPct" : 0.0,
    "meanResTime" : 1827.0,
    "medianResTime" : 1827.0,
    "minResTime" : 1827.0,
    "maxResTime" : 1827.0,
    "pct1ResTime" : 1827.0,
    "pct2ResTime" : 1827.0,
    "pct3ResTime" : 1827.0,
    "throughput" : 0.5473453749315819,
    "receivedKBytesPerSec" : 151.3506174740011,
    "sentKBytesPerSec" : 0.33193503694581283
  },
  "https://www.icmr.gov.in/contactus.html" : {
    "transaction" : "https://www.icmr.gov.in/contactus.html",
    "sampleCount" : 1,
    "errorCount" : 0,
    "errorPct" : 0.0,
    "meanResTime" : 1087.0,
    "medianResTime" : 1087.0,
    "minResTime" : 1087.0,
    "maxResTime" : 1087.0,
    "pct1ResTime" : 1087.0,
    "pct2ResTime" : 1087.0,
    "pct3ResTime" : 1087.0,
    "throughput" : 0.9199632014719411,
    "receivedKBytesPerSec" : 174.4686853150874,
    "sentKBytesPerSec" : 7.996672320607176
  },
  "https://www.icmr.gov.in/contactus.html-3" : {
    "transaction" : "https://www.icmr.gov.in/contactus.html-3",
    "sampleCount" : 1,
    "errorCount" : 0,
    "errorPct" : 0.0,
    "meanResTime" : 72.0,
    "medianResTime" : 72.0,
    "minResTime" : 72.0,
    "maxResTime" : 72.0,
    "pct1ResTime" : 72.0,
    "pct2ResTime" : 72.0,
    "pct3ResTime" : 72.0,
    "throughput" : 13.888888888888888,
    "receivedKBytesPerSec" : 4.0283203125,
    "sentKBytesPerSec" : 9.168836805555557
  },
  "https://www.icmr.gov.in/contactus.html-4" : {
    "transaction" : "https://www.icmr.gov.in/contactus.html-4",
    "sampleCount" : 1,
    "errorCount" : 0,
    "errorPct" : 0.0,
    "meanResTime" : 72.0,
    "medianResTime" : 72.0,
    "minResTime" : 72.0,
    "maxResTime" : 72.0,
    "pct1ResTime" : 72.0,
    "pct2ResTime" : 72.0,
    "pct3ResTime" : 72.0,
    "throughput" : 13.888888888888888,
    "receivedKBytesPerSec" : 4.014756944444445,
    "sentKBytesPerSec" : 9.12814670138889
  },
  "https://www.icmr.gov.in/contactus.html-1" : {
    "transaction" : "https://www.icmr.gov.in/contactus.html-1",
    "sampleCount" : 2,
    "errorCount" : 0,
    "errorPct" : 0.0,
    "meanResTime" : 309.5,
    "medianResTime" : 309.5,
    "minResTime" : 69.0,
    "maxResTime" : 550.0,
    "pct1ResTime" : 550.0,
    "pct2ResTime" : 550.0,
    "pct3ResTime" : 550.0,
    "throughput" : 2.042900919305414,
    "receivedKBytesPerSec" : 172.99520397088867,
    "sentKBytesPerSec" : 1.401501851378958
  },
  "https://www.icmr.gov.in/contactus.html-2" : {
    "transaction" : "https://www.icmr.gov.in/contactus.html-2",
    "sampleCount" : 1,
    "errorCount" : 0,
    "errorPct" : 0.0,
    "meanResTime" : 73.0,
    "medianResTime" : 73.0,
    "minResTime" : 73.0,
    "maxResTime" : 73.0,
    "pct1ResTime" : 73.0,
    "pct2ResTime" : 73.0,
    "pct3ResTime" : 73.0,
    "throughput" : 13.698630136986301,
    "receivedKBytesPerSec" : 4.387842465753425,
    "sentKBytesPerSec" : 8.829195205479452
  },
  "https://www.icmr.gov.in/contactus.html-7" : {
    "transaction" : "https://www.icmr.gov.in/contactus.html-7",
    "sampleCount" : 1,
    "errorCount" : 0,
    "errorPct" : 0.0,
    "meanResTime" : 70.0,
    "medianResTime" : 70.0,
    "minResTime" : 70.0,
    "maxResTime" : 70.0,
    "pct1ResTime" : 70.0,
    "pct2ResTime" : 70.0,
    "pct3ResTime" : 70.0,
    "throughput" : 14.285714285714285,
    "receivedKBytesPerSec" : 4.771205357142857,
    "sentKBytesPerSec" : 9.486607142857142
  },
  "https://www.icmr.gov.in/contactus.html-8" : {
    "transaction" : "https://www.icmr.gov.in/contactus.html-8",
    "sampleCount" : 1,
    "errorCount" : 0,
    "errorPct" : 0.0,
    "meanResTime" : 71.0,
    "medianResTime" : 71.0,
    "minResTime" : 71.0,
    "maxResTime" : 71.0,
    "pct1ResTime" : 71.0,
    "pct2ResTime" : 71.0,
    "pct3ResTime" : 71.0,
    "throughput" : 14.084507042253522,
    "receivedKBytesPerSec" : 4.704005281690141,
    "sentKBytesPerSec" : 9.311729753521128
  },
  "https://www.icmr.gov.in/contactus.html-5" : {
    "transaction" : "https://www.icmr.gov.in/contactus.html-5",
    "sampleCount" : 1,
    "errorCount" : 0,
    "errorPct" : 0.0,
    "meanResTime" : 70.0,
    "medianResTime" : 70.0,
    "minResTime" : 70.0,
    "maxResTime" : 70.0,
    "pct1ResTime" : 70.0,
    "pct2ResTime" : 70.0,
    "pct3ResTime" : 70.0,
    "throughput" : 14.285714285714285,
    "receivedKBytesPerSec" : 4.129464285714286,
    "sentKBytesPerSec" : 9.444754464285714
  },
  "https://www.icmr.gov.in/contactus.html-6" : {
    "transaction" : "https://www.icmr.gov.in/contactus.html-6",
    "sampleCount" : 1,
    "errorCount" : 0,
    "errorPct" : 0.0,
    "meanResTime" : 979.0,
    "medianResTime" : 979.0,
    "minResTime" : 979.0,
    "maxResTime" : 979.0,
    "pct1ResTime" : 979.0,
    "pct2ResTime" : 979.0,
    "pct3ResTime" : 979.0,
    "throughput" : 1.021450459652707,
    "receivedKBytesPerSec" : 177.04310042134833,
    "sentKBytesPerSec" : 1.5491333631256385
  },
  "https://www.icmr.gov.in/contactus.html-9" : {
    "transaction" : "https://www.icmr.gov.in/contactus.html-9",
    "sampleCount" : 1,
    "errorCount" : 0,
    "errorPct" : 0.0,
    "meanResTime" : 70.0,
    "medianResTime" : 70.0,
    "minResTime" : 70.0,
    "maxResTime" : 70.0,
    "pct1ResTime" : 70.0,
    "pct2ResTime" : 70.0,
    "pct3ResTime" : 70.0,
    "throughput" : 14.285714285714285,
    "receivedKBytesPerSec" : 4.771205357142857,
    "sentKBytesPerSec" : 9.486607142857142
  },
  "https://www.icmr.gov.in/index.html-0" : {
    "transaction" : "https://www.icmr.gov.in/index.html-0",
    "sampleCount" : 2,
    "errorCount" : 0,
    "errorPct" : 0.0,
    "meanResTime" : 301.5,
    "medianResTime" : 301.5,
    "minResTime" : 92.0,
    "maxResTime" : 511.0,
    "pct1ResTime" : 511.0,
    "pct2ResTime" : 511.0,
    "pct3ResTime" : 511.0,
    "throughput" : 3.0534351145038165,
    "receivedKBytesPerSec" : 199.44239026717557,
    "sentKBytesPerSec" : 1.8204317748091603
  },
  "https://www.icmr.gov.in/index.html-30" : {
    "transaction" : "https://www.icmr.gov.in/index.html-30",
    "sampleCount" : 1,
    "errorCount" : 0,
    "errorPct" : 0.0,
    "meanResTime" : 2786.0,
    "medianResTime" : 2786.0,
    "minResTime" : 2786.0,
    "maxResTime" : 2786.0,
    "pct1ResTime" : 2786.0,
    "pct2ResTime" : 2786.0,
    "pct3ResTime" : 2786.0,
    "throughput" : 0.35893754486719315,
    "receivedKBytesPerSec" : 133.91525148061737,
    "sentKBytesPerSec" : 0.22048019113424264
  },
  "https://www.icmr.gov.in/index.html-31" : {
    "transaction" : "https://www.icmr.gov.in/index.html-31",
    "sampleCount" : 1,
    "errorCount" : 0,
    "errorPct" : 0.0,
    "meanResTime" : 755.0,
    "medianResTime" : 755.0,
    "minResTime" : 755.0,
    "maxResTime" : 755.0,
    "pct1ResTime" : 755.0,
    "pct2ResTime" : 755.0,
    "pct3ResTime" : 755.0,
    "throughput" : 1.3245033112582782,
    "receivedKBytesPerSec" : 118.9504863410596,
    "sentKBytesPerSec" : 0.8058257450331126
  },
  "https://www.icmr.gov.in/index.html-4" : {
    "transaction" : "https://www.icmr.gov.in/index.html-4",
    "sampleCount" : 2,
    "errorCount" : 0,
    "errorPct" : 0.0,
    "meanResTime" : 470.5,
    "medianResTime" : 470.5,
    "minResTime" : 272.0,
    "maxResTime" : 669.0,
    "pct1ResTime" : 669.0,
    "pct2ResTime" : 669.0,
    "pct3ResTime" : 669.0,
    "throughput" : 1.9860973187686195,
    "receivedKBytesPerSec" : 28.70143371400199,
    "sentKBytesPerSec" : 1.2131873758689178
  },
  "https://www.icmr.gov.in/index.html-32" : {
    "transaction" : "https://www.icmr.gov.in/index.html-32",
    "sampleCount" : 1,
    "errorCount" : 0,
    "errorPct" : 0.0,
    "meanResTime" : 4120.0,
    "medianResTime" : 4120.0,
    "minResTime" : 4120.0,
    "maxResTime" : 4120.0,
    "pct1ResTime" : 4120.0,
    "pct2ResTime" : 4120.0,
    "pct3ResTime" : 4120.0,
    "throughput" : 0.24271844660194175,
    "receivedKBytesPerSec" : 68.26361498786407,
    "sentKBytesPerSec" : 0.14885467233009708
  },
  "https://www.icmr.gov.in/index.html-3" : {
    "transaction" : "https://www.icmr.gov.in/index.html-3",
    "sampleCount" : 2,
    "errorCount" : 0,
    "errorPct" : 0.0,
    "meanResTime" : 2131.5,
    "medianResTime" : 2131.5,
    "minResTime" : 1050.0,
    "maxResTime" : 3213.0,
    "pct1ResTime" : 3213.0,
    "pct2ResTime" : 3213.0,
    "pct3ResTime" : 3213.0,
    "throughput" : 0.6224712107065049,
    "receivedKBytesPerSec" : 110.79349274431995,
    "sentKBytesPerSec" : 1.7114918884220354
  },
  "https://www.icmr.gov.in/index.html-33" : {
    "transaction" : "https://www.icmr.gov.in/index.html-33",
    "sampleCount" : 1,
    "errorCount" : 0,
    "errorPct" : 0.0,
    "meanResTime" : 5592.0,
    "medianResTime" : 5592.0,
    "minResTime" : 5592.0,
    "maxResTime" : 5592.0,
    "pct1ResTime" : 5592.0,
    "pct2ResTime" : 5592.0,
    "pct3ResTime" : 5592.0,
    "throughput" : 0.17882689556509299,
    "receivedKBytesPerSec" : 40.88709316881259,
    "sentKBytesPerSec" : 0.11019508896638056
  },
  "https://www.icmr.gov.in/index.html-2" : {
    "transaction" : "https://www.icmr.gov.in/index.html-2",
    "sampleCount" : 2,
    "errorCount" : 0,
    "errorPct" : 0.0,
    "meanResTime" : 913.5,
    "medianResTime" : 913.5,
    "minResTime" : 263.0,
    "maxResTime" : 1564.0,
    "pct1ResTime" : 1564.0,
    "pct2ResTime" : 1564.0,
    "pct3ResTime" : 1564.0,
    "throughput" : 1.050972149238045,
    "receivedKBytesPerSec" : 80.93203987125591,
    "sentKBytesPerSec" : 0.6399229834471887
  },
  "https://www.icmr.gov.in/index.html-34" : {
    "transaction" : "https://www.icmr.gov.in/index.html-34",
    "sampleCount" : 1,
    "errorCount" : 0,
    "errorPct" : 0.0,
    "meanResTime" : 5158.0,
    "medianResTime" : 5158.0,
    "minResTime" : 5158.0,
    "maxResTime" : 5158.0,
    "pct1ResTime" : 5158.0,
    "pct2ResTime" : 5158.0,
    "pct3ResTime" : 5158.0,
    "throughput" : 0.19387359441644048,
    "receivedKBytesPerSec" : 50.19735726056611,
    "sentKBytesPerSec" : 0.1175737325513765
  },
  "https://www.icmr.gov.in/index.html-1" : {
    "transaction" : "https://www.icmr.gov.in/index.html-1",
    "sampleCount" : 2,
    "errorCount" : 0,
    "errorPct" : 0.0,
    "meanResTime" : 1617.5,
    "medianResTime" : 1617.5,
    "minResTime" : 361.0,
    "maxResTime" : 2874.0,
    "pct1ResTime" : 2874.0,
    "pct2ResTime" : 2874.0,
    "pct3ResTime" : 2874.0,
    "throughput" : 0.6224712107065049,
    "receivedKBytesPerSec" : 35.41520774976657,
    "sentKBytesPerSec" : 0.391172093837535
  },
  "https://www.icmr.gov.in/index.html-35" : {
    "transaction" : "https://www.icmr.gov.in/index.html-35",
    "sampleCount" : 1,
    "errorCount" : 0,
    "errorPct" : 0.0,
    "meanResTime" : 2972.0,
    "medianResTime" : 2972.0,
    "minResTime" : 2972.0,
    "maxResTime" : 2972.0,
    "pct1ResTime" : 2972.0,
    "pct2ResTime" : 2972.0,
    "pct3ResTime" : 2972.0,
    "throughput" : 0.3364737550471063,
    "receivedKBytesPerSec" : 117.28246183125842,
    "sentKBytesPerSec" : 0.21358197341857335
  },
  "https://www.icmr.gov.in/index.html-36" : {
    "transaction" : "https://www.icmr.gov.in/index.html-36",
    "sampleCount" : 1,
    "errorCount" : 0,
    "errorPct" : 0.0,
    "meanResTime" : 922.0,
    "medianResTime" : 922.0,
    "minResTime" : 922.0,
    "maxResTime" : 922.0,
    "pct1ResTime" : 922.0,
    "pct2ResTime" : 922.0,
    "pct3ResTime" : 922.0,
    "throughput" : 1.0845986984815619,
    "receivedKBytesPerSec" : 150.96681805856832,
    "sentKBytesPerSec" : 0.6619865103036876
  },
  "https://www.icmr.gov.in/index.html-37" : {
    "transaction" : "https://www.icmr.gov.in/index.html-37",
    "sampleCount" : 1,
    "errorCount" : 0,
    "errorPct" : 0.0,
    "meanResTime" : 752.0,
    "medianResTime" : 752.0,
    "minResTime" : 752.0,
    "maxResTime" : 752.0,
    "pct1ResTime" : 752.0,
    "pct2ResTime" : 752.0,
    "pct3ResTime" : 752.0,
    "throughput" : 1.3297872340425532,
    "receivedKBytesPerSec" : 166.2104180518617,
    "sentKBytesPerSec" : 0.8090404753989362
  },
  "https://www.icmr.gov.in/index.html-38" : {
    "transaction" : "https://www.icmr.gov.in/index.html-38",
    "sampleCount" : 1,
    "errorCount" : 0,
    "errorPct" : 0.0,
    "meanResTime" : 4305.0,
    "medianResTime" : 4305.0,
    "minResTime" : 4305.0,
    "maxResTime" : 4305.0,
    "pct1ResTime" : 4305.0,
    "pct2ResTime" : 4305.0,
    "pct3ResTime" : 4305.0,
    "throughput" : 0.23228803716608595,
    "receivedKBytesPerSec" : 131.45098359465737,
    "sentKBytesPerSec" : 0.14291158536585366
  },
  "https://www.icmr.gov.in/index.html-39" : {
    "transaction" : "https://www.icmr.gov.in/index.html-39",
    "sampleCount" : 1,
    "errorCount" : 0,
    "errorPct" : 0.0,
    "meanResTime" : 1566.0,
    "medianResTime" : 1566.0,
    "minResTime" : 1566.0,
    "maxResTime" : 1566.0,
    "pct1ResTime" : 1566.0,
    "pct2ResTime" : 1566.0,
    "pct3ResTime" : 1566.0,
    "throughput" : 0.6385696040868455,
    "receivedKBytesPerSec" : 117.56665070242656,
    "sentKBytesPerSec" : 0.3922463681353767
  },
  "https://www.icmr.gov.in/contactus.html-0" : {
    "transaction" : "https://www.icmr.gov.in/contactus.html-0",
    "sampleCount" : 2,
    "errorCount" : 0,
    "errorPct" : 0.0,
    "meanResTime" : 262.0,
    "medianResTime" : 262.0,
    "minResTime" : 100.0,
    "maxResTime" : 424.0,
    "pct1ResTime" : 424.0,
    "pct2ResTime" : 424.0,
    "pct3ResTime" : 424.0,
    "throughput" : 3.7593984962406015,
    "receivedKBytesPerSec" : 32.757063557330824,
    "sentKBytesPerSec" : 2.639655780075188
  },
  "Total" : {
    "transaction" : "Total",
    "sampleCount" : 102,
    "errorCount" : 0,
    "errorPct" : 0.0,
    "meanResTime" : 1161.2843137254904,
    "medianResTime" : 475.0,
    "minResTime" : 69.0,
    "maxResTime" : 15604.0,
    "pct1ResTime" : 2942.6000000000004,
    "pct2ResTime" : 4136.35,
    "pct3ResTime" : 15303.639999999989,
    "throughput" : 1.606071580405927,
    "receivedKBytesPerSec" : 287.0044440059677,
    "sentKBytesPerSec" : 1.999024621510337
  },
  "https://www.icmr.gov.in/index.html-8" : {
    "transaction" : "https://www.icmr.gov.in/index.html-8",
    "sampleCount" : 1,
    "errorCount" : 0,
    "errorPct" : 0.0,
    "meanResTime" : 2780.0,
    "medianResTime" : 2780.0,
    "minResTime" : 2780.0,
    "maxResTime" : 2780.0,
    "pct1ResTime" : 2780.0,
    "pct2ResTime" : 2780.0,
    "pct3ResTime" : 2780.0,
    "throughput" : 0.3597122302158273,
    "receivedKBytesPerSec" : 127.43051652428059,
    "sentKBytesPerSec" : 0.22095604766187052
  },
  "https://www.icmr.gov.in/index.html-7" : {
    "transaction" : "https://www.icmr.gov.in/index.html-7",
    "sampleCount" : 2,
    "errorCount" : 0,
    "errorPct" : 0.0,
    "meanResTime" : 1058.0,
    "medianResTime" : 1058.0,
    "minResTime" : 565.0,
    "maxResTime" : 1551.0,
    "pct1ResTime" : 1551.0,
    "pct2ResTime" : 1551.0,
    "pct3ResTime" : 1551.0,
    "throughput" : 0.8703220191470844,
    "receivedKBytesPerSec" : 32.065076969103565,
    "sentKBytesPerSec" : 0.5286526327241079
  },
  "https://www.icmr.gov.in/index.html-6" : {
    "transaction" : "https://www.icmr.gov.in/index.html-6",
    "sampleCount" : 2,
    "errorCount" : 0,
    "errorPct" : 0.0,
    "meanResTime" : 905.0,
    "medianResTime" : 905.0,
    "minResTime" : 269.0,
    "maxResTime" : 1541.0,
    "pct1ResTime" : 1541.0,
    "pct2ResTime" : 1541.0,
    "pct3ResTime" : 1541.0,
    "throughput" : 1.06439595529537,
    "receivedKBytesPerSec" : 18.40604626796168,
    "sentKBytesPerSec" : 0.6506951836083023
  },
  "https://www.icmr.gov.in/index.html-5" : {
    "transaction" : "https://www.icmr.gov.in/index.html-5",
    "sampleCount" : 2,
    "errorCount" : 0,
    "errorPct" : 0.0,
    "meanResTime" : 720.0,
    "medianResTime" : 720.0,
    "minResTime" : 304.0,
    "maxResTime" : 1136.0,
    "pct1ResTime" : 1136.0,
    "pct2ResTime" : 1136.0,
    "pct3ResTime" : 1136.0,
    "throughput" : 1.3568521031207597,
    "receivedKBytesPerSec" : 95.36059934701493,
    "sentKBytesPerSec" : 0.8208690213704206
  },
  "https://www.icmr.gov.in/aboutus.html" : {
    "transaction" : "https://www.icmr.gov.in/aboutus.html",
    "sampleCount" : 1,
    "errorCount" : 0,
    "errorPct" : 0.0,
    "meanResTime" : 553.0,
    "medianResTime" : 553.0,
    "minResTime" : 553.0,
    "maxResTime" : 553.0,
    "pct1ResTime" : 553.0,
    "pct2ResTime" : 553.0,
    "pct3ResTime" : 553.0,
    "throughput" : 1.8083182640144664,
    "receivedKBytesPerSec" : 30.12509889240506,
    "sentKBytesPerSec" : 12.972564421338154
  },
  "https://www.icmr.gov.in/index.html-9" : {
    "transaction" : "https://www.icmr.gov.in/index.html-9",
    "sampleCount" : 1,
    "errorCount" : 0,
    "errorPct" : 0.0,
    "meanResTime" : 563.0,
    "medianResTime" : 563.0,
    "minResTime" : 563.0,
    "maxResTime" : 563.0,
    "pct1ResTime" : 563.0,
    "pct2ResTime" : 563.0,
    "pct3ResTime" : 563.0,
    "throughput" : 1.7761989342806395,
    "receivedKBytesPerSec" : 164.8430561722913,
    "sentKBytesPerSec" : 1.075432948490231
  }
}